{
    "$schema": "https://go.kicad.org/pcm/schemas/v1",
    "name": "Axios Theme",
    "description": "Designed by AxioPaladin, more readable than Altium",
    "description_full": "Designed by AxioPaladin, made to be more readable than Altium",
    "identifier": "com.github.pointhi.kicad-color-schemes.axios",
    "type": "colortheme",
    "author": {
        "name": "Axio Paladin",
        "contact": {
            "web": "https://github.com/axiopaladin"
        }
    },
    "maintainer": {
        "name": "Thomas Pointhuber",
        "contact": {
            "web": "https://github.com/pointhi/kicad-color-schemes/"
        }
    },
    "license": "CC0-1.0",
    "resources": {
        "Github": "https://github.com/pointhi/kicad-color-schemes"
    },
    "versions": [{
        "version": "1.0",
        "status": "stable",
        "kicad_version": "6.08"
    }]
}
