{
  "meta": {
    "filename": "axios",
    "name": "Axios",
    "version": 3
  },
  "schematic": {
    "anchor": "rgb(0, 0, 255)",
    "aux_items": "rgb(0, 0, 255)",
    "background": "rgb(204, 204, 204)",
    "brightened": "rgb(255, 0, 255)",
    "bus": "rgb(0, 0, 132)",
    "bus_junction": "rgb(0, 0, 132)",
    "component_body": "rgb(255, 255, 194)",
    "component_outline": "rgb(132, 0, 0)",
    "cursor": "rgb(15, 15, 15)",
    "erc_error": "rgba(230, 9, 13, 0.800)",
    "erc_warning": "rgba(209, 146, 0, 0.800)",
    "fields": "rgb(132, 0, 132)",
    "grid": "rgba(132, 132, 132, 0.251)",
    "grid_axes": "rgb(0, 0, 132)",
    "hidden": "rgb(94, 194, 194)",
    "junction": "rgb(0, 0, 132)",
    "label_global": "rgb(132, 0, 0)",
    "label_hier": "rgb(128, 77, 0)",
    "label_local": "rgb(132, 0, 0)",
    "no_connect": "rgb(194, 0, 0)",
    "note": "rgb(0, 0, 194)",
    "override_item_colors": false,
    "pin": "rgb(0, 0, 0)",
    "pin_name": "rgb(0, 0, 0)",
    "pin_number": "rgb(0, 0, 0)",
    "reference": "rgb(0, 0, 194)",
    "shadow": "rgb(0, 255, 0)",
    "sheet": "rgb(72, 72, 72)",
    "sheet_background": "rgba(0, 194, 0, 0.102)",
    "sheet_fields": "rgb(132, 0, 132)",
    "sheet_filename": "rgb(0, 72, 0)",
    "sheet_label": "rgb(128, 77, 0)",
    "sheet_name": "rgb(0, 0, 194)",
    "value": "rgb(0, 0, 194)",
    "wire": "rgb(255, 0, 0)",
    "worksheet": "rgb(72, 72, 72)"
  }
}
